-- phpMyAdmin SQL Dump
-- version 5.0.3
-- https://www.phpmyadmin.net/
--
-- Host: localhost
-- Generation Time: Nov 12, 2020 at 06:37 PM
-- Server version: 10.4.14-MariaDB
-- PHP Version: 7.4.11

SET SQL_MODE = "NO_AUTO_VALUE_ON_ZERO";
START TRANSACTION;
SET time_zone = "+00:00";


/*!40101 SET @OLD_CHARACTER_SET_CLIENT=@@CHARACTER_SET_CLIENT */;
/*!40101 SET @OLD_CHARACTER_SET_RESULTS=@@CHARACTER_SET_RESULTS */;
/*!40101 SET @OLD_COLLATION_CONNECTION=@@COLLATION_CONNECTION */;
/*!40101 SET NAMES utf8mb4 */;

--
-- Database: `sesx`
--

-- --------------------------------------------------------

--
-- Table structure for table `addon_account`
--

CREATE TABLE `addon_account` (
  `id` int(11) NOT NULL,
  `name` varchar(255) NOT NULL,
  `label` varchar(255) NOT NULL,
  `shared` int(11) NOT NULL
) ENGINE=InnoDB DEFAULT CHARSET=latin1;

--
-- Dumping data for table `addon_account`
--

INSERT INTO `addon_account` (`id`, `name`, `label`, `shared`) VALUES
(2, 'society_police', 'Police', 1),
(3, 'society_taxi', 'Taxi', 1),
(4, 'society_realestateagent', 'Agent immobilier', 1),
(6, 'society_mechanic', 'Mechanic', 1),
(9, 'society_cardealer', 'Cardealer', 1),
(10, 'society_ambulance', 'EMS', 1),
(11, 'property_black_money', 'Money Sale Property', 0),
(13, 'bank_savings', 'Bank Savings', 0),
(15, 'society_ambulance', 'EMS', 1),
(24, 'society_mafia', 'Mafia', 1),
(25, 'society_weazelnews', 'Weazel News', 1),
(26, 'caution', 'caution', 0);

-- --------------------------------------------------------

--
-- Table structure for table `addon_account_data`
--

CREATE TABLE `addon_account_data` (
  `id` int(11) NOT NULL,
  `account_name` varchar(255) DEFAULT NULL,
  `money` double NOT NULL,
  `owner` varchar(255) DEFAULT NULL
) ENGINE=InnoDB DEFAULT CHARSET=latin1;

--
-- Dumping data for table `addon_account_data`
--

INSERT INTO `addon_account_data` (`id`, `account_name`, `money`, `owner`) VALUES
(1, 'society_police', 0, NULL),
(2, 'society_taxi', 0, NULL),
(3, 'society_realestateagent', 0, NULL),
(4, 'society_mechanic', 0, NULL),
(5, 'society_taxe_weazel', 0, NULL),
(6, 'society_cardealer', 1658500, NULL),
(7, 'society_ambulance', 1000000, NULL);

-- --------------------------------------------------------

--
-- Table structure for table `addon_inventory`
--

CREATE TABLE `addon_inventory` (
  `id` int(11) NOT NULL,
  `name` varchar(255) NOT NULL,
  `label` varchar(255) NOT NULL,
  `shared` int(11) NOT NULL
) ENGINE=InnoDB DEFAULT CHARSET=latin1;

--
-- Dumping data for table `addon_inventory`
--

INSERT INTO `addon_inventory` (`id`, `name`, `label`, `shared`) VALUES
(1, 'society_police', 'Police', 1),
(2, 'society_taxi', 'Taxi', 1),
(3, 'society_weazel', 'Weazel News', 1),
(4, 'property', 'Property', 0),
(5, 'society_cardealer', 'Cardealer', 1),
(6, 'society_ambulance', 'EMS', 1),
(8, 'society_mechanic', 'Mechanic', 1),
(17, 'society_mafia', 'Mafia', 1),
(18, 'society_weazelnews', 'Weazel News', 1);

-- --------------------------------------------------------

--
-- Table structure for table `addon_inventory_items`
--

CREATE TABLE `addon_inventory_items` (
  `id` int(11) NOT NULL,
  `inventory_name` varchar(255) NOT NULL,
  `name` varchar(255) NOT NULL,
  `count` int(11) NOT NULL,
  `owner` varchar(60) DEFAULT NULL
) ENGINE=InnoDB DEFAULT CHARSET=latin1;

-- --------------------------------------------------------

--
-- Table structure for table `baninfo`
--

CREATE TABLE `baninfo` (
  `id` int(11) NOT NULL,
  `license` varchar(50) COLLATE utf8mb4_bin DEFAULT NULL,
  `identifier` varchar(25) COLLATE utf8mb4_bin DEFAULT NULL,
  `liveid` varchar(21) COLLATE utf8mb4_bin DEFAULT NULL,
  `xblid` varchar(21) COLLATE utf8mb4_bin DEFAULT NULL,
  `discord` varchar(30) COLLATE utf8mb4_bin DEFAULT NULL,
  `playerip` varchar(25) COLLATE utf8mb4_bin DEFAULT NULL,
  `playername` varchar(32) COLLATE utf8mb4_bin DEFAULT NULL
) ENGINE=InnoDB DEFAULT CHARSET=utf8mb4 COLLATE=utf8mb4_bin;

-- --------------------------------------------------------

--
-- Table structure for table `banlist`
--

CREATE TABLE `banlist` (
  `license` varchar(50) COLLATE utf8mb4_bin NOT NULL,
  `identifier` varchar(25) COLLATE utf8mb4_bin DEFAULT NULL,
  `liveid` varchar(21) COLLATE utf8mb4_bin DEFAULT NULL,
  `xblid` varchar(21) COLLATE utf8mb4_bin DEFAULT NULL,
  `discord` varchar(30) COLLATE utf8mb4_bin DEFAULT NULL,
  `playerip` varchar(25) COLLATE utf8mb4_bin DEFAULT NULL,
  `targetplayername` varchar(32) COLLATE utf8mb4_bin DEFAULT NULL,
  `sourceplayername` varchar(32) COLLATE utf8mb4_bin DEFAULT NULL,
  `reason` varchar(255) COLLATE utf8mb4_bin NOT NULL,
  `timeat` varchar(50) COLLATE utf8mb4_bin NOT NULL,
  `expiration` varchar(50) COLLATE utf8mb4_bin NOT NULL,
  `permanent` int(1) NOT NULL DEFAULT 0
) ENGINE=InnoDB DEFAULT CHARSET=utf8mb4 COLLATE=utf8mb4_bin;

-- --------------------------------------------------------

--
-- Table structure for table `banlisthistory`
--

CREATE TABLE `banlisthistory` (
  `id` int(11) NOT NULL,
  `license` varchar(50) COLLATE utf8mb4_bin DEFAULT NULL,
  `identifier` varchar(25) COLLATE utf8mb4_bin DEFAULT NULL,
  `liveid` varchar(21) COLLATE utf8mb4_bin DEFAULT NULL,
  `xblid` varchar(21) COLLATE utf8mb4_bin DEFAULT NULL,
  `discord` varchar(30) COLLATE utf8mb4_bin DEFAULT NULL,
  `playerip` varchar(25) COLLATE utf8mb4_bin DEFAULT NULL,
  `targetplayername` varchar(32) COLLATE utf8mb4_bin DEFAULT NULL,
  `sourceplayername` varchar(32) COLLATE utf8mb4_bin DEFAULT NULL,
  `reason` varchar(255) COLLATE utf8mb4_bin NOT NULL,
  `timeat` int(11) NOT NULL,
  `added` varchar(40) COLLATE utf8mb4_bin NOT NULL,
  `expiration` int(11) NOT NULL,
  `permanent` int(1) NOT NULL DEFAULT 0
) ENGINE=InnoDB DEFAULT CHARSET=utf8mb4 COLLATE=utf8mb4_bin;

-- --------------------------------------------------------

--
-- Table structure for table `billing`
--

CREATE TABLE `billing` (
  `id` int(11) NOT NULL,
  `identifier` varchar(255) NOT NULL,
  `sender` varchar(255) NOT NULL,
  `target_type` varchar(50) NOT NULL,
  `target` varchar(255) NOT NULL,
  `label` varchar(255) NOT NULL,
  `amount` int(11) NOT NULL
) ENGINE=InnoDB DEFAULT CHARSET=latin1;

-- --------------------------------------------------------

--
-- Table structure for table `cardealer_vehicles`
--

CREATE TABLE `cardealer_vehicles` (
  `id` int(11) NOT NULL,
  `vehicle` varchar(255) NOT NULL,
  `price` int(11) NOT NULL
) ENGINE=InnoDB DEFAULT CHARSET=latin1;

-- --------------------------------------------------------

--
-- Table structure for table `characters`
--

CREATE TABLE `characters` (
  `identifier` varchar(255) NOT NULL,
  `firstname` varchar(255) NOT NULL,
  `lastname` varchar(255) NOT NULL,
  `dateofbirth` varchar(255) NOT NULL,
  `sex` varchar(1) NOT NULL DEFAULT 'f',
  `height` varchar(128) NOT NULL
) ENGINE=InnoDB DEFAULT CHARSET=latin1;

-- --------------------------------------------------------

--
-- Table structure for table `communityservice`
--

CREATE TABLE `communityservice` (
  `identifier` varchar(100) NOT NULL,
  `actions_remaining` int(10) NOT NULL
) ENGINE=InnoDB DEFAULT CHARSET=latin1;

-- --------------------------------------------------------

--
-- Table structure for table `datastore`
--

CREATE TABLE `datastore` (
  `id` int(11) NOT NULL,
  `name` varchar(255) NOT NULL,
  `label` varchar(255) NOT NULL,
  `shared` int(11) NOT NULL
) ENGINE=InnoDB DEFAULT CHARSET=latin1;

--
-- Dumping data for table `datastore`
--

INSERT INTO `datastore` (`id`, `name`, `label`, `shared`) VALUES
(1, 'user_ears', 'Ears', 0),
(2, 'user_glasses', 'Glasses', 0),
(3, 'user_helmet', 'Helmet', 0),
(4, 'user_mask', 'Mask', 0),
(7, 'society_police', 'Police', 1),
(8, 'society_mechanic', 'Mechanic', 1),
(9, 'vault', 'Vault', 0),
(10, 'property', 'Property', 0),
(11, 'society_ambulance', 'EMS', 1),
(12, 'society_sheriff', 'Sheriff', 1),
(13, 'property', 'Property', 0),
(16, 'user_ears', 'Ears', 0),
(17, 'user_glasses', 'Glasses', 0),
(18, 'user_helmet', 'Helmet', 0),
(19, 'user_mask', 'Mask', 0),
(20, 'society_cardealer', 'Cardealer', 0),
(26, 'society_mafia', 'Mafia', 1);

-- --------------------------------------------------------

--
-- Table structure for table `datastore_data`
--

CREATE TABLE `datastore_data` (
  `id` int(11) NOT NULL,
  `name` varchar(255) NOT NULL,
  `owner` varchar(255) DEFAULT NULL,
  `data` longtext DEFAULT NULL
) ENGINE=InnoDB DEFAULT CHARSET=latin1;

--
-- Dumping data for table `datastore_data`
--

INSERT INTO `datastore_data` (`id`, `name`, `owner`, `data`) VALUES
(1, 'society_police', NULL, '{}'),
(2, 'society_ambulance', NULL, '{}'),
(4, 'society_mechanic', NULL, '{}'),
(5, 'society_cardealer', NULL, '{}'),
(726, 'society_sheriff', NULL, '{}');

-- --------------------------------------------------------

--
-- Table structure for table `fine_types`
--

CREATE TABLE `fine_types` (
  `id` int(11) NOT NULL,
  `label` varchar(255) DEFAULT NULL,
  `amount` int(11) DEFAULT NULL,
  `category` int(11) DEFAULT NULL
) ENGINE=InnoDB DEFAULT CHARSET=latin1;

--
-- Dumping data for table `fine_types`
--

INSERT INTO `fine_types` (`id`, `label`, `amount`, `category`) VALUES
(1, 'Abuse of the horn', 30, 0),
(2, 'Cross a continuous line', 40, 0),
(3, 'Circulation contrary to', 250, 0),
(4, 'Unauthorized U-turn', 250, 0),
(5, 'Off-road traffic', 170, 0),
(6, 'Failure to respect safety distances', 30, 0),
(7, 'Dangerous / forbidden stop', 150, 0),
(8, 'Parking awkward / forbidden', 70, 0),
(9, 'Not respecting the priority on the right', 70, 0),
(10, 'Non-compliance with a priority vehicle', 90, 0),
(11, 'Failure to stop', 105, 0),
(12, 'Failure to comply with a red light', 130, 0),
(13, 'Dangerous overtaking', 100, 0),
(14, 'Vehicle not in safe state', 100, 0),
(15, 'Driving without a license', 1500, 0),
(16, 'Hit and run', 800, 0),
(19, 'Driving under speedlimit', 180, 0),
(20, 'Speeding', 300, 0),
(21, 'Obstruction of traffic', 110, 1),
(22, 'Degradation of the public road', 90, 1),
(23, 'Trouble with public order', 90, 1),
(24, 'Obstructing police operation', 130, 1),
(25, 'Insulte envers / entre civils', 75, 1),
(26, 'Outrage to police officer', 110, 1),
(27, 'Verbal threat or intimidation towards civil', 90, 1),
(28, 'Verbal threat or intimidation of a police officer', 150, 1),
(29, 'Illegal protest', 250, 1),
(30, 'Attempted corruption', 1500, 1),
(31, 'Legal Weapon Out in Town', 120, 2),
(32, 'Lethal Weapon Out in Town', 300, 2),
(33, 'Weapon Not Allowed (License Failure)', 600, 2),
(34, 'illegal weapon', 1000, 2),
(35, 'Illegal items', 500, 2),
(36, 'Vehicle Theft', 1800, 2),
(37, 'Sale of drugs', 1500, 2),
(38, 'Drug manufacture', 1500, 2),
(39, '\r\nPossession of drugs', 650, 2),
(40, 'Civil dispute', 1500, 2),
(41, 'Takeover agent of the state', 2000, 2),
(42, 'Special deflection', 650, 2),
(43, 'Store robbing', 1500, 2),
(44, 'Bank robbery', 2500, 2),
(45, 'Civilian shooting', 2000, 3),
(46, 'Shooting on police officer', 2500, 3),
(47, 'Attempted murder on civil', 3000, 3),
(48, 'Attempted murder on officer', 5000, 3),
(49, 'Murder on civil', 10000, 3),
(50, 'Murder on state agent', 30000, 3),
(51, 'Manslaughter', 1800, 3),
(52, 'Business scam', 2000, 2),
(53, 'House Robbery', 2500, 2),
(54, 'Wearing Officers cloth', 50000, 2);

-- --------------------------------------------------------

--
-- Table structure for table `items`
--

CREATE TABLE `items` (
  `name` varchar(50) COLLATE utf8_bin NOT NULL,
  `label` varchar(255) COLLATE utf8_bin NOT NULL,
  `limit` int(11) NOT NULL DEFAULT -1,
  `rare` int(11) NOT NULL DEFAULT 0,
  `can_remove` int(11) NOT NULL DEFAULT 1
) ENGINE=InnoDB DEFAULT CHARSET=utf8 COLLATE=utf8_bin;

--
-- Dumping data for table `items`
--

INSERT INTO `items` (`name`, `label`, `limit`, `rare`, `can_remove`) VALUES
('acetone', 'Acetone', 5, 0, 1),
('alive_chicken', 'living chicken', 20, 0, 1),
('armor', 'Armour', -1, 0, 1),
('bandage', 'Bandage', 5, 0, 1),
('beer', 'beer', -1, 0, 1),
('bread', 'bread', -1, 0, 1),
('cajadecamarones', 'Shrimp Box', 5, 0, 1),
('cajadecangrejos', 'Crab Box', 5, 0, 1),
('camarones', 'Shrimp', 20, 0, 1),
('camera', 'Camera', -1, 0, 1),
('cangrejos', 'Crabs', 20, 0, 1),
('cannabinoid', 'chemicals', 50, 0, 1),
('cannabis', 'Cannabis', 40, 0, 1),
('carokit', 'Kit carosserie', 3, 0, 1),
('carotool', 'outils carosserie', 4, 0, 1),
('clip', 'Weapon Clip', -1, 0, 1),
('clothe', 'clothes', 250, 0, 1),
('cocaine_cut', 'Cut Cocaine', -1, 0, 1),
('cocaine_packaged', 'Packaged Cocaine', -1, 0, 1),
('cocaine_uncut', 'Uncut Cocaine', -1, 0, 1),
('coke', 'Cocaine', 50, 0, 1),
('copper', 'copper', 56, 0, 1),
('crack', 'Crack Cocaine', 30, 0, 1),
('cut_money', 'Counterfeit Cash - Cut', -1, 0, 1),
('cutted_wood', 'cut wood', 20, 0, 1),
('diamond', 'diamond', 50, 0, 1),
('drill', 'Drill', -1, 0, 1),
('essence', 'gas', 24, 0, 1),
('fabric', 'fabric', 80, 0, 1),
('fish', 'Fish', 100, 0, 1),
('fishbait', 'Fish Bait', 30, 0, 1),
('fishingrod', 'Fishing Rod', 2, 0, 1),
('fixkit', 'Repairkit', 5, 0, 1),
('fixtool', 'outils réparation', 6, 0, 1),
('gold', 'gold', 21, 0, 1),
('goldNecklace', 'Gold Necklace', -1, 0, 1),
('goldbar', 'Gold Bar', 500, 0, 1),
('goldwatch', 'Gold Watch', 5000, 0, 1),
('handcuffs', 'handcuffs', -1, 0, 1),
('headbag', 'Head Bag', -1, 0, 1),
('iphonex', 'IphoneX', -1, 0, 1),
('iron', 'iron', 42, 0, 1),
('jewels', 'Jewels', -1, 0, 1),
('jewlery', 'Jewlery', -1, 0, 1),
('journal', 'Journal', 50, 0, 1),
('journaux', 'Paquet de Journaux', 25, 0, 1),
('key', 'key', -1, 0, 1),
('keycard', 'Keycard', 2, 0, 1),
('laptop', 'Laptop', -1, 0, 1),
('leather', 'Leather', -1, 0, 1),
('licenseplate', 'License plate', -1, 0, 1),
('lithium', 'Lithium Batteries', 10, 0, 1),
('lockpick', 'lockpick', -1, 0, 1),
('lowradio', 'Stock Radio', 5, 0, 1),
('lsd', 'Lsd', -1, 0, 1),
('lsd_pooch', 'Pochon de LSD', -1, 0, 1),
('marijuana', 'Bag of Weed', 100, 0, 1),
('meat', 'Meat', -1, 0, 1),
('medikit', 'Medikit', 50, 0, 1),
('meth', 'Meth', 30, 0, 1),
('meth_packaged', 'Packaged Meth', -1, 0, 1),
('meth_raw', 'Raw Meth', -1, 0, 1),
('methlab', 'Portable Methlab', 1, 0, 1),
('milk_engine', 'Milk Engine', 1, 0, 1),
('milk_package', 'Milk Package', 20, 0, 1),
('net_cracker', 'Net Cracker', 2, 0, 1),
('thermite', 'Thermite Bomb', 5, 0, 1),
('oxygen_mask', 'Oxygen Mask', -1, 0, 1),
('packaged_chicken', 'chicken fillet', 100, 0, 1),
('packaged_plank', 'packaged wood', 100, 0, 1),
('pendrive', 'Pendrive\r\n', -1, 0, 1),
('petrol', 'oil', 24, 0, 1),
('petrol_raffin', 'processed oil', 24, 0, 1),
('rice', 'Rice', 100, 0, 1),
('rice_pro', 'Rice Pro', 100, 0, 1),
('ring', 'Gold Ring', -1, 0, 1),
('rolex', 'Rolex', -1, 0, 1),
('rope', 'Rope', -1, 0, 1),
('shark', 'Shark', -1, 0, 1),
('sickle', 'Sickle', 1, 0, 1),
('slaughtered_chicken', 'slaughtered chicken', 20, 0, 1),
('sorted_money', 'Counterfeit Cash - Sorted', -1, 0, 1),
('spice', 'Bag of spice', 50, 0, 1),
('stone', 'stone', 7, 0, 1),
('turtle', 'Sea Turtle', 3, 0, 1),
('turtlebait', 'Turtle Bait', 10, 0, 1),
('vodka', 'vodka', -1, 0, 1),
('washed_stone', 'washed stone', 7, 0, 1),
('water', 'water', -1, 0, 1),
('weed_packaged', 'Packaged Weed', -1, 0, 1),
('weed_untrimmed', 'Untrimmed Weed', -1, 0, 1),
('wood', 'wood', 20, 0, 1),
('wool', 'wool', 40, 0, 1);

-- --------------------------------------------------------

--
-- Table structure for table `jobs`
--

CREATE TABLE `jobs` (
  `name` varchar(50) COLLATE utf8_bin NOT NULL,
  `label` varchar(255) COLLATE utf8_bin DEFAULT NULL,
  `whitelisted` tinyint(1) NOT NULL DEFAULT 0
) ENGINE=InnoDB DEFAULT CHARSET=utf8 COLLATE=utf8_bin;

--
-- Dumping data for table `jobs`
--

INSERT INTO `jobs` (`name`, `label`, `whitelisted`) VALUES
('ambulance', 'EMS', 1),
('cardealer', 'Cardealer', 1),
('fisherman', 'Fisherman', 0),
('fueler', 'Fueler', 0),
('journalist', 'Weazel News', 1),
('lumberjack', 'Lumberjack', 0),
('mafia', 'Mafia', 1),
('mechanic', 'Mechanic', 1),
('miner', 'Miner', 0),
('offambulance', 'Off-Duty', 1),
('offpolice', 'Off-Duty', 1),
('police', 'LSPD', 1),
('reporter', 'Reporter', 0),
('slaughterer', 'Butcher', 0),
('tailor', 'Tailor', 0),
('unemployed', 'Unemployed', 0),
('weazelnews', 'Weazel News', 0);

-- --------------------------------------------------------

--
-- Table structure for table `job_grades`
--

CREATE TABLE `job_grades` (
  `id` int(11) NOT NULL,
  `job_name` varchar(255) COLLATE utf8_bin DEFAULT NULL,
  `grade` int(11) NOT NULL,
  `name` varchar(255) COLLATE utf8_bin NOT NULL,
  `label` varchar(255) COLLATE utf8_bin NOT NULL,
  `salary` int(11) NOT NULL,
  `skin_male` longtext COLLATE utf8_bin NOT NULL,
  `skin_female` longtext COLLATE utf8_bin NOT NULL
) ENGINE=InnoDB DEFAULT CHARSET=utf8 COLLATE=utf8_bin;

--
-- Dumping data for table `job_grades`
--

INSERT INTO `job_grades` (`id`, `job_name`, `grade`, `name`, `label`, `salary`, `skin_male`, `skin_female`) VALUES
(10, 'mechanic', 0, 'recrue', 'Chotuu', 500, '{}', '{}'),
(11, 'mechanic', 1, 'novice', 'Chotuu 1', 1000, '{}', '{}'),
(12, 'mechanic', 2, 'experimente', 'Chotuu 2', 1500, '{}', '{}'),
(13, 'mechanic', 3, 'chief', 'Chotuu 3', 2000, '{}', '{}'),
(14, 'mechanic', 4, 'boss', 'Ustad', 2500, '{}', '{}'),
(15, 'offpolice', 0, 'recruit', 'Constable', 1000, '{}', '{}'),
(16, 'offpolice', 1, 'recruit', 'Head Constable', 1500, '{}', '{}'),
(17, 'offpolice', 2, 'recruit', 'Sub Inspector', 2000, '{}', '{}'),
(18, 'offpolice', 3, 'recruit', 'Inspector', 2500, '{}', '{}'),
(19, 'offpolice', 4, 'officer', 'DSP', 3000, '{}', '{}'),
(20, 'offpolice', 5, 'sergeant', 'SSP', 3500, '{}', '{}'),
(21, 'offpolice', 6, 'lieutenant', 'DIG', 4000, '{}', '{}'),
(22, 'offpolice', 7, 'boss', 'IG', 4500, '{}', '{}'),
(23, 'offambulance', 0, 'ambulance', 'Technician', 0, '{}', '{}'),
(24, 'offambulance', 1, 'doctor', 'Student', 0, '{}', '{}'),
(25, 'offambulance', 2, 'chief_doctor', 'Doctor', 0, '{}', '{}'),
(26, 'offambulance', 3, 'boss', 'Surgeon', 0, '{}', '{}'),
(32, 'unemployed', 0, 'unemployed', 'unemployed', 1000, '{}', '{}'),
(33, 'cardealer', 0, 'recruit', 'Recruit', 10, '{}', '{}'),
(34, 'cardealer', 1, 'novice', 'Novice', 200, '{}', '{}'),
(35, 'cardealer', 2, 'experienced', 'Experienced', 450, '{}', '{}'),
(36, 'cardealer', 3, 'boss', 'Boss', 1500, '{}', '{}'),
(37, 'ambulance', 0, 'ambulance', 'Technician', 3000, '{\"tshirt_2\":0,\"hair_color_1\":5,\"glasses_2\":3,\"shoes\":9,\"torso_2\":3,\"hair_color_2\":0,\"pants_1\":24,\"glasses_1\":4,\"hair_1\":2,\"sex\":0,\"decals_2\":0,\"tshirt_1\":15,\"helmet_1\":8,\"helmet_2\":0,\"arms\":92,\"face\":19,\"decals_1\":60,\"torso_1\":13,\"hair_2\":0,\"skin\":34,\"pants_2\":5}', '{\"tshirt_2\":3,\"decals_2\":0,\"glasses\":0,\"hair_1\":2,\"torso_1\":73,\"shoes\":1,\"hair_color_2\":0,\"glasses_1\":19,\"skin\":13,\"face\":6,\"pants_2\":5,\"tshirt_1\":75,\"pants_1\":37,\"helmet_1\":57,\"torso_2\":0,\"arms\":14,\"sex\":1,\"glasses_2\":0,\"decals_1\":0,\"hair_2\":0,\"helmet_2\":0,\"hair_color_1\":0}'),
(38, 'ambulance', 1, 'doctor', 'Student', 4000, '{\"tshirt_2\":0,\"hair_color_1\":5,\"glasses_2\":3,\"shoes\":9,\"torso_2\":3,\"hair_color_2\":0,\"pants_1\":24,\"glasses_1\":4,\"hair_1\":2,\"sex\":0,\"decals_2\":0,\"tshirt_1\":15,\"helmet_1\":8,\"helmet_2\":0,\"arms\":92,\"face\":19,\"decals_1\":60,\"torso_1\":13,\"hair_2\":0,\"skin\":34,\"pants_2\":5}', '{\"tshirt_2\":3,\"decals_2\":0,\"glasses\":0,\"hair_1\":2,\"torso_1\":73,\"shoes\":1,\"hair_color_2\":0,\"glasses_1\":19,\"skin\":13,\"face\":6,\"pants_2\":5,\"tshirt_1\":75,\"pants_1\":37,\"helmet_1\":57,\"torso_2\":0,\"arms\":14,\"sex\":1,\"glasses_2\":0,\"decals_1\":0,\"hair_2\":0,\"helmet_2\":0,\"hair_color_1\":0}'),
(39, 'ambulance', 2, 'chief_doctor', 'Doctor', 5000, '{\"tshirt_2\":0,\"hair_color_1\":5,\"glasses_2\":3,\"shoes\":9,\"torso_2\":3,\"hair_color_2\":0,\"pants_1\":24,\"glasses_1\":4,\"hair_1\":2,\"sex\":0,\"decals_2\":0,\"tshirt_1\":15,\"helmet_1\":8,\"helmet_2\":0,\"arms\":92,\"face\":19,\"decals_1\":60,\"torso_1\":13,\"hair_2\":0,\"skin\":34,\"pants_2\":5}', '{\"tshirt_2\":3,\"decals_2\":0,\"glasses\":0,\"hair_1\":2,\"torso_1\":73,\"shoes\":1,\"hair_color_2\":0,\"glasses_1\":19,\"skin\":13,\"face\":6,\"pants_2\":5,\"tshirt_1\":75,\"pants_1\":37,\"helmet_1\":57,\"torso_2\":0,\"arms\":14,\"sex\":1,\"glasses_2\":0,\"decals_1\":0,\"hair_2\":0,\"helmet_2\":0,\"hair_color_1\":0}'),
(40, 'ambulance', 3, 'boss', 'Surgeon', 6000, '{\"tshirt_2\":0,\"hair_color_1\":5,\"glasses_2\":3,\"shoes\":9,\"torso_2\":3,\"hair_color_2\":0,\"pants_1\":24,\"glasses_1\":4,\"hair_1\":2,\"sex\":0,\"decals_2\":0,\"tshirt_1\":15,\"helmet_1\":8,\"helmet_2\":0,\"arms\":92,\"face\":19,\"decals_1\":60,\"torso_1\":13,\"hair_2\":0,\"skin\":34,\"pants_2\":5}', '{\"tshirt_2\":3,\"decals_2\":0,\"glasses\":0,\"hair_1\":2,\"torso_1\":73,\"shoes\":1,\"hair_color_2\":0,\"glasses_1\":19,\"skin\":13,\"face\":6,\"pants_2\":5,\"tshirt_1\":75,\"pants_1\":37,\"helmet_1\":57,\"torso_2\":0,\"arms\":14,\"sex\":1,\"glasses_2\":0,\"decals_1\":0,\"hair_2\":0,\"helmet_2\":0,\"hair_color_1\":0}'),
(45, 'police', 0, 'recruit', 'Constable', 3000, '{}', '{}'),
(46, 'police', 1, 'recruit', 'Head Constable', 4000, '{}', '{}'),
(47, 'police', 2, 'recruit', 'Sub Inspector', 5000, '{}', '{}'),
(48, 'police', 3, 'recruit', 'Inspector', 6000, '{}', '{}'),
(49, 'police', 4, 'officer', 'DSP', 7000, '{}', '{}'),
(50, 'police', 5, 'sergeant', 'SSP', 8000, '{}', '{}'),
(51, 'police', 6, 'lieutenant', 'DIG', 9000, '{}', '{}'),
(52, 'police', 7, 'boss', 'IG', 10000, '{}', '{}'),
(353, 'journalist', 0, 'stagiaire', 'New Guy', 2500, '{}', '{}'),
(354, 'journalist', 1, 'reporter', 'Reporter', 3000, '{}', '{}'),
(355, 'journalist', 2, 'investigator', 'Producer', 3500, '{}', '{}'),
(356, 'journalist', 3, 'boss', 'Director', 4000, '{}', '{}'),
(357, 'mafia', 0, 'soldato', 'Bro', 1500, '{}', '{}'),
(358, 'mafia', 1, 'capo', 'Left Hand', 1800, '{}', '{}'),
(359, 'mafia', 2, 'consigliere', 'Right-Hand', 2100, '{}', '{}'),
(360, 'mafia', 3, 'boss', 'Don', 2700, '{}', '{}'),
(361, 'weazelnews', 0, 'recrue', 'Employé', 12, '{}', '{}'),
(362, 'weazelnews', 1, 'boss', 'Patron', 24, '{}', '{}'),
(363, 'lumberjack', 0, 'employee', 'Employee', 0, '{}', '{}'),
(364, 'fisherman', 0, 'employee', 'Employee', 0, '{}', '{}'),
(365, 'fueler', 0, 'employee', 'Employee', 0, '{}', '{}'),
(366, 'reporter', 0, 'employee', 'Employee', 0, '{}', '{}'),
(367, 'tailor', 0, 'employee', 'Employee', 0, '{\"mask_1\":0,\"arms\":1,\"glasses_1\":0,\"hair_color_2\":4,\"makeup_1\":0,\"face\":19,\"glasses\":0,\"mask_2\":0,\"makeup_3\":0,\"skin\":29,\"helmet_2\":0,\"lipstick_4\":0,\"sex\":0,\"torso_1\":24,\"makeup_2\":0,\"bags_2\":0,\"chain_2\":0,\"ears_1\":-1,\"bags_1\":0,\"bproof_1\":0,\"shoes_2\":0,\"lipstick_2\":0,\"chain_1\":0,\"tshirt_1\":0,\"eyebrows_3\":0,\"pants_2\":0,\"beard_4\":0,\"torso_2\":0,\"beard_2\":6,\"ears_2\":0,\"hair_2\":0,\"shoes_1\":36,\"tshirt_2\":0,\"beard_3\":0,\"hair_1\":2,\"hair_color_1\":0,\"pants_1\":48,\"helmet_1\":-1,\"bproof_2\":0,\"eyebrows_4\":0,\"eyebrows_2\":0,\"decals_1\":0,\"age_2\":0,\"beard_1\":5,\"shoes\":10,\"lipstick_1\":0,\"eyebrows_1\":0,\"glasses_2\":0,\"makeup_4\":0,\"decals_2\":0,\"lipstick_3\":0,\"age_1\":0}', '{\"mask_1\":0,\"arms\":5,\"glasses_1\":5,\"hair_color_2\":4,\"makeup_1\":0,\"face\":19,\"glasses\":0,\"mask_2\":0,\"makeup_3\":0,\"skin\":29,\"helmet_2\":0,\"lipstick_4\":0,\"sex\":1,\"torso_1\":52,\"makeup_2\":0,\"bags_2\":0,\"chain_2\":0,\"ears_1\":-1,\"bags_1\":0,\"bproof_1\":0,\"shoes_2\":1,\"lipstick_2\":0,\"chain_1\":0,\"tshirt_1\":23,\"eyebrows_3\":0,\"pants_2\":0,\"beard_4\":0,\"torso_2\":0,\"beard_2\":6,\"ears_2\":0,\"hair_2\":0,\"shoes_1\":42,\"tshirt_2\":4,\"beard_3\":0,\"hair_1\":2,\"hair_color_1\":0,\"pants_1\":36,\"helmet_1\":-1,\"bproof_2\":0,\"eyebrows_4\":0,\"eyebrows_2\":0,\"decals_1\":0,\"age_2\":0,\"beard_1\":5,\"shoes\":10,\"lipstick_1\":0,\"eyebrows_1\":0,\"glasses_2\":0,\"makeup_4\":0,\"decals_2\":0,\"lipstick_3\":0,\"age_1\":0}'),
(368, 'miner', 0, 'employee', 'Employee', 0, '{\"tshirt_2\":1,\"ears_1\":8,\"glasses_1\":15,\"torso_2\":0,\"ears_2\":2,\"glasses_2\":3,\"shoes_2\":1,\"pants_1\":75,\"shoes_1\":51,\"bags_1\":0,\"helmet_2\":0,\"pants_2\":7,\"torso_1\":71,\"tshirt_1\":59,\"arms\":2,\"bags_2\":0,\"helmet_1\":0}', '{}'),
(369, 'slaughterer', 0, 'employee', 'Employee', 0, '{\"age_1\":0,\"glasses_2\":0,\"beard_1\":5,\"decals_2\":0,\"beard_4\":0,\"shoes_2\":0,\"tshirt_2\":0,\"lipstick_2\":0,\"hair_2\":0,\"arms\":67,\"pants_1\":36,\"skin\":29,\"eyebrows_2\":0,\"shoes\":10,\"helmet_1\":-1,\"lipstick_1\":0,\"helmet_2\":0,\"hair_color_1\":0,\"glasses\":0,\"makeup_4\":0,\"makeup_1\":0,\"hair_1\":2,\"bproof_1\":0,\"bags_1\":0,\"mask_1\":0,\"lipstick_3\":0,\"chain_1\":0,\"eyebrows_4\":0,\"sex\":0,\"torso_1\":56,\"beard_2\":6,\"shoes_1\":12,\"decals_1\":0,\"face\":19,\"lipstick_4\":0,\"tshirt_1\":15,\"mask_2\":0,\"age_2\":0,\"eyebrows_3\":0,\"chain_2\":0,\"glasses_1\":0,\"ears_1\":-1,\"bags_2\":0,\"ears_2\":0,\"torso_2\":0,\"bproof_2\":0,\"makeup_2\":0,\"eyebrows_1\":0,\"makeup_3\":0,\"pants_2\":0,\"beard_3\":0,\"hair_color_2\":4}', '{\"age_1\":0,\"glasses_2\":0,\"beard_1\":5,\"decals_2\":0,\"beard_4\":0,\"shoes_2\":0,\"tshirt_2\":0,\"lipstick_2\":0,\"hair_2\":0,\"arms\":72,\"pants_1\":45,\"skin\":29,\"eyebrows_2\":0,\"shoes\":10,\"helmet_1\":-1,\"lipstick_1\":0,\"helmet_2\":0,\"hair_color_1\":0,\"glasses\":0,\"makeup_4\":0,\"makeup_1\":0,\"hair_1\":2,\"bproof_1\":0,\"bags_1\":0,\"mask_1\":0,\"lipstick_3\":0,\"chain_1\":0,\"eyebrows_4\":0,\"sex\":1,\"torso_1\":49,\"beard_2\":6,\"shoes_1\":24,\"decals_1\":0,\"face\":19,\"lipstick_4\":0,\"tshirt_1\":9,\"mask_2\":0,\"age_2\":0,\"eyebrows_3\":0,\"chain_2\":0,\"glasses_1\":5,\"ears_1\":-1,\"bags_2\":0,\"ears_2\":0,\"torso_2\":0,\"bproof_2\":0,\"makeup_2\":0,\"eyebrows_1\":0,\"makeup_3\":0,\"pants_2\":0,\"beard_3\":0,\"hair_color_2\":4}');

-- --------------------------------------------------------

--
-- Table structure for table `kicks`
--

CREATE TABLE `kicks` (
  `id` int(10) UNSIGNED NOT NULL,
  `steamid` varchar(250) NOT NULL DEFAULT '0',
  `kicked` int(10) NOT NULL,
  `reason` varchar(250) NOT NULL DEFAULT '0'
) ENGINE=InnoDB DEFAULT CHARSET=utf8 ROW_FORMAT=COMPACT;

-- --------------------------------------------------------

--
-- Table structure for table `licenses`
--

CREATE TABLE `licenses` (
  `type` varchar(60) NOT NULL,
  `label` varchar(60) NOT NULL
) ENGINE=InnoDB DEFAULT CHARSET=latin1;

--
-- Dumping data for table `licenses`
--

INSERT INTO `licenses` (`type`, `label`) VALUES
('dmv', 'driving School'),
('drive', 'car license'),
('drive_bike', 'bike license'),
('drive_truck', 'truck license'),
('weapon', 'Weapon License'),
('weed_processing', 'Weed Processing License');

-- --------------------------------------------------------

--
-- Table structure for table `owned_properties`
--

CREATE TABLE `owned_properties` (
  `id` int(11) NOT NULL,
  `name` varchar(255) NOT NULL,
  `price` double NOT NULL,
  `rented` int(11) NOT NULL,
  `owner` varchar(60) NOT NULL
) ENGINE=InnoDB DEFAULT CHARSET=latin1;

-- --------------------------------------------------------

--
-- Table structure for table `owned_vehicles`
--

CREATE TABLE `owned_vehicles` (
  `owner` varchar(22) NOT NULL,
  `plate` varchar(12) NOT NULL,
  `vehicle` longtext DEFAULT NULL,
  `type` varchar(20) NOT NULL DEFAULT 'car',
  `job` varchar(20) NOT NULL DEFAULT '',
  `stored` tinyint(1) NOT NULL DEFAULT 0,
  `garage` varchar(200) DEFAULT 'A'
) ENGINE=InnoDB DEFAULT CHARSET=latin1;

-- --------------------------------------------------------

--
-- Table structure for table `phone_app_chat`
--

CREATE TABLE `phone_app_chat` (
  `id` int(11) NOT NULL,
  `channel` varchar(20) NOT NULL,
  `message` varchar(255) NOT NULL,
  `time` timestamp NOT NULL DEFAULT current_timestamp()
) ENGINE=InnoDB DEFAULT CHARSET=utf8;

-- --------------------------------------------------------

--
-- Table structure for table `phone_calls`
--

CREATE TABLE `phone_calls` (
  `id` int(11) NOT NULL,
  `owner` varchar(10) NOT NULL COMMENT 'Name',
  `num` varchar(10) NOT NULL COMMENT 'Phone Number',
  `incoming` int(11) NOT NULL COMMENT 'Define Incoming Call',
  `time` timestamp NOT NULL DEFAULT current_timestamp(),
  `accepts` int(11) NOT NULL COMMENT 'Accept Call'
) ENGINE=InnoDB DEFAULT CHARSET=utf8;

-- --------------------------------------------------------

--
-- Table structure for table `phone_messages`
--

CREATE TABLE `phone_messages` (
  `id` int(11) NOT NULL,
  `transmitter` varchar(10) NOT NULL,
  `receiver` varchar(10) NOT NULL,
  `message` varchar(255) NOT NULL DEFAULT '0',
  `time` timestamp NOT NULL DEFAULT current_timestamp(),
  `isRead` int(11) NOT NULL DEFAULT 0,
  `owner` int(11) NOT NULL DEFAULT 0
) ENGINE=MyISAM DEFAULT CHARSET=utf8;

-- --------------------------------------------------------

--
-- Table structure for table `phone_users_contacts`
--

CREATE TABLE `phone_users_contacts` (
  `id` int(11) NOT NULL,
  `identifier` varchar(60) CHARACTER SET utf8mb4 DEFAULT NULL,
  `number` varchar(10) CHARACTER SET utf8mb4 DEFAULT NULL,
  `display` varchar(64) CHARACTER SET utf8mb4 NOT NULL DEFAULT '-1'
) ENGINE=MyISAM DEFAULT CHARSET=utf8;

-- --------------------------------------------------------

--
-- Table structure for table `properties`
--

CREATE TABLE `properties` (
  `id` int(11) NOT NULL,
  `name` varchar(255) DEFAULT NULL,
  `label` varchar(255) DEFAULT NULL,
  `entering` varchar(255) DEFAULT NULL,
  `exit` varchar(255) DEFAULT NULL,
  `inside` varchar(255) DEFAULT NULL,
  `outside` varchar(255) DEFAULT NULL,
  `ipls` varchar(255) DEFAULT '[]',
  `gateway` varchar(255) DEFAULT NULL,
  `is_single` int(11) DEFAULT NULL,
  `is_room` int(11) DEFAULT NULL,
  `is_gateway` int(11) DEFAULT NULL,
  `room_menu` varchar(255) DEFAULT NULL,
  `price` int(11) NOT NULL
) ENGINE=InnoDB DEFAULT CHARSET=latin1;

--
-- Dumping data for table `properties`
--

INSERT INTO `properties` (`id`, `name`, `label`, `entering`, `exit`, `inside`, `outside`, `ipls`, `gateway`, `is_single`, `is_room`, `is_gateway`, `room_menu`, `price`) VALUES
(1, 'WhispymoundDrive', '2677 Whispymound Drive', '{\"y\":564.89,\"z\":182.959,\"x\":119.384}', '{\"x\":117.347,\"y\":559.506,\"z\":183.304}', '{\"y\":557.032,\"z\":183.301,\"x\":118.037}', '{\"y\":567.798,\"z\":182.131,\"x\":119.249}', '[]', NULL, 1, 1, 0, '{\"x\":118.748,\"y\":566.573,\"z\":175.697}', 1500000),
(2, 'NorthConkerAvenue2045', '2045 North Conker Avenue', '{\"x\":372.796,\"y\":428.327,\"z\":144.685}', '{\"x\":373.548,\"y\":422.982,\"z\":144.907},', '{\"y\":420.075,\"z\":145.904,\"x\":372.161}', '{\"x\":372.454,\"y\":432.886,\"z\":143.443}', '[]', NULL, 1, 1, 0, '{\"x\":377.349,\"y\":429.422,\"z\":137.3}', 1500000),
(3, 'RichardMajesticApt2', 'Richard Majestic, Apt 2', '{\"y\":-379.165,\"z\":37.961,\"x\":-936.363}', '{\"y\":-365.476,\"z\":113.274,\"x\":-913.097}', '{\"y\":-367.637,\"z\":113.274,\"x\":-918.022}', '{\"y\":-382.023,\"z\":37.961,\"x\":-943.626}', '[]', NULL, 1, 1, 0, '{\"x\":-927.554,\"y\":-377.744,\"z\":112.674}', 1700000),
(4, 'NorthConkerAvenue2044', '2044 North Conker Avenue', '{\"y\":440.8,\"z\":146.702,\"x\":346.964}', '{\"y\":437.456,\"z\":148.394,\"x\":341.683}', '{\"y\":435.626,\"z\":148.394,\"x\":339.595}', '{\"x\":350.535,\"y\":443.329,\"z\":145.764}', '[]', NULL, 1, 1, 0, '{\"x\":337.726,\"y\":436.985,\"z\":140.77}', 1500000),
(5, 'WildOatsDrive', '3655 Wild Oats Drive', '{\"y\":502.696,\"z\":136.421,\"x\":-176.003}', '{\"y\":497.817,\"z\":136.653,\"x\":-174.349}', '{\"y\":495.069,\"z\":136.666,\"x\":-173.331}', '{\"y\":506.412,\"z\":135.0664,\"x\":-177.927}', '[]', NULL, 1, 1, 0, '{\"x\":-174.725,\"y\":493.095,\"z\":129.043}', 1500000),
(6, 'HillcrestAvenue2862', '2862 Hillcrest Avenue', '{\"y\":596.58,\"z\":142.641,\"x\":-686.554}', '{\"y\":591.988,\"z\":144.392,\"x\":-681.728}', '{\"y\":590.608,\"z\":144.392,\"x\":-680.124}', '{\"y\":599.019,\"z\":142.059,\"x\":-689.492}', '[]', NULL, 1, 1, 0, '{\"x\":-680.46,\"y\":588.6,\"z\":136.769}', 1500000),
(7, 'LowEndApartment', 'Appartement de base', '{\"y\":-1078.735,\"z\":28.4031,\"x\":292.528}', '{\"y\":-1007.152,\"z\":-102.002,\"x\":265.845}', '{\"y\":-1002.802,\"z\":-100.008,\"x\":265.307}', '{\"y\":-1078.669,\"z\":28.401,\"x\":296.738}', '[]', NULL, 1, 1, 0, '{\"x\":265.916,\"y\":-999.38,\"z\":-100.008}', 562500),
(8, 'MadWayneThunder', '2113 Mad Wayne Thunder', '{\"y\":454.955,\"z\":96.462,\"x\":-1294.433}', '{\"x\":-1289.917,\"y\":449.541,\"z\":96.902}', '{\"y\":446.322,\"z\":96.899,\"x\":-1289.642}', '{\"y\":455.453,\"z\":96.517,\"x\":-1298.851}', '[]', NULL, 1, 1, 0, '{\"x\":-1287.306,\"y\":455.901,\"z\":89.294}', 1500000),
(9, 'HillcrestAvenue2874', '2874 Hillcrest Avenue', '{\"x\":-853.346,\"y\":696.678,\"z\":147.782}', '{\"y\":690.875,\"z\":151.86,\"x\":-859.961}', '{\"y\":688.361,\"z\":151.857,\"x\":-859.395}', '{\"y\":701.628,\"z\":147.773,\"x\":-855.007}', '[]', NULL, 1, 1, 0, '{\"x\":-858.543,\"y\":697.514,\"z\":144.253}', 1500000),
(10, 'HillcrestAvenue2868', '2868 Hillcrest Avenue', '{\"y\":620.494,\"z\":141.588,\"x\":-752.82}', '{\"y\":618.62,\"z\":143.153,\"x\":-759.317}', '{\"y\":617.629,\"z\":143.153,\"x\":-760.789}', '{\"y\":621.281,\"z\":141.254,\"x\":-750.919}', '[]', NULL, 1, 1, 0, '{\"x\":-762.504,\"y\":618.992,\"z\":135.53}', 1500000),
(11, 'TinselTowersApt12', 'Tinsel Towers, Apt 42', '{\"y\":37.025,\"z\":42.58,\"x\":-618.299}', '{\"y\":58.898,\"z\":97.2,\"x\":-603.301}', '{\"y\":58.941,\"z\":97.2,\"x\":-608.741}', '{\"y\":30.603,\"z\":42.524,\"x\":-620.017}', '[]', NULL, 1, 1, 0, '{\"x\":-622.173,\"y\":54.585,\"z\":96.599}', 1700000),
(12, 'MiltonDrive', 'Milton Drive', '{\"x\":-775.17,\"y\":312.01,\"z\":84.658}', NULL, NULL, '{\"x\":-775.346,\"y\":306.776,\"z\":84.7}', '[]', NULL, 0, 0, 1, NULL, 0),
(13, 'Modern1Apartment', 'Appartement Moderne 1', NULL, '{\"x\":-784.194,\"y\":323.636,\"z\":210.997}', '{\"x\":-779.751,\"y\":323.385,\"z\":210.997}', NULL, '[\"apa_v_mp_h_01_a\"]', 'MiltonDrive', 0, 1, 0, '{\"x\":-766.661,\"y\":327.672,\"z\":210.396}', 1300000),
(14, 'Modern2Apartment', 'Appartement Moderne 2', NULL, '{\"x\":-786.8663,\"y\":315.764,\"z\":186.913}', '{\"x\":-781.808,\"y\":315.866,\"z\":186.913}', NULL, '[\"apa_v_mp_h_01_c\"]', 'MiltonDrive', 0, 1, 0, '{\"x\":-795.735,\"y\":326.757,\"z\":186.313}', 1300000),
(15, 'Modern3Apartment', 'Appartement Moderne 3', NULL, '{\"x\":-774.012,\"y\":342.042,\"z\":195.686}', '{\"x\":-779.057,\"y\":342.063,\"z\":195.686}', NULL, '[\"apa_v_mp_h_01_b\"]', 'MiltonDrive', 0, 1, 0, '{\"x\":-765.386,\"y\":330.782,\"z\":195.08}', 1300000),
(16, 'Mody1Apartment', 'Appartement Mode 1', NULL, '{\"x\":-784.194,\"y\":323.636,\"z\":210.997}', '{\"x\":-779.751,\"y\":323.385,\"z\":210.997}', NULL, '[\"apa_v_mp_h_02_a\"]', 'MiltonDrive', 0, 1, 0, '{\"x\":-766.615,\"y\":327.878,\"z\":210.396}', 1300000),
(17, 'Mody2Apartment', 'Appartement Mode 2', NULL, '{\"x\":-786.8663,\"y\":315.764,\"z\":186.913}', '{\"x\":-781.808,\"y\":315.866,\"z\":186.913}', NULL, '[\"apa_v_mp_h_02_c\"]', 'MiltonDrive', 0, 1, 0, '{\"x\":-795.297,\"y\":327.092,\"z\":186.313}', 1300000),
(18, 'Mody3Apartment', 'Appartement Mode 3', NULL, '{\"x\":-774.012,\"y\":342.042,\"z\":195.686}', '{\"x\":-779.057,\"y\":342.063,\"z\":195.686}', NULL, '[\"apa_v_mp_h_02_b\"]', 'MiltonDrive', 0, 1, 0, '{\"x\":-765.303,\"y\":330.932,\"z\":195.085}', 1300000),
(19, 'Vibrant1Apartment', 'Appartement Vibrant 1', NULL, '{\"x\":-784.194,\"y\":323.636,\"z\":210.997}', '{\"x\":-779.751,\"y\":323.385,\"z\":210.997}', NULL, '[\"apa_v_mp_h_03_a\"]', 'MiltonDrive', 0, 1, 0, '{\"x\":-765.885,\"y\":327.641,\"z\":210.396}', 1300000),
(20, 'Vibrant2Apartment', 'Appartement Vibrant 2', NULL, '{\"x\":-786.8663,\"y\":315.764,\"z\":186.913}', '{\"x\":-781.808,\"y\":315.866,\"z\":186.913}', NULL, '[\"apa_v_mp_h_03_c\"]', 'MiltonDrive', 0, 1, 0, '{\"x\":-795.607,\"y\":327.344,\"z\":186.313}', 1300000),
(21, 'Vibrant3Apartment', 'Appartement Vibrant 3', NULL, '{\"x\":-774.012,\"y\":342.042,\"z\":195.686}', '{\"x\":-779.057,\"y\":342.063,\"z\":195.686}', NULL, '[\"apa_v_mp_h_03_b\"]', 'MiltonDrive', 0, 1, 0, '{\"x\":-765.525,\"y\":330.851,\"z\":195.085}', 1300000),
(22, 'Sharp1Apartment', 'Appartement Persan 1', NULL, '{\"x\":-784.194,\"y\":323.636,\"z\":210.997}', '{\"x\":-779.751,\"y\":323.385,\"z\":210.997}', NULL, '[\"apa_v_mp_h_04_a\"]', 'MiltonDrive', 0, 1, 0, '{\"x\":-766.527,\"y\":327.89,\"z\":210.396}', 1300000),
(23, 'Sharp2Apartment', 'Appartement Persan 2', NULL, '{\"x\":-786.8663,\"y\":315.764,\"z\":186.913}', '{\"x\":-781.808,\"y\":315.866,\"z\":186.913}', NULL, '[\"apa_v_mp_h_04_c\"]', 'MiltonDrive', 0, 1, 0, '{\"x\":-795.642,\"y\":326.497,\"z\":186.313}', 1300000),
(24, 'Sharp3Apartment', 'Appartement Persan 3', NULL, '{\"x\":-774.012,\"y\":342.042,\"z\":195.686}', '{\"x\":-779.057,\"y\":342.063,\"z\":195.686}', NULL, '[\"apa_v_mp_h_04_b\"]', 'MiltonDrive', 0, 1, 0, '{\"x\":-765.503,\"y\":331.318,\"z\":195.085}', 1300000),
(25, 'Monochrome1Apartment', 'Appartement Monochrome 1', NULL, '{\"x\":-784.194,\"y\":323.636,\"z\":210.997}', '{\"x\":-779.751,\"y\":323.385,\"z\":210.997}', NULL, '[\"apa_v_mp_h_05_a\"]', 'MiltonDrive', 0, 1, 0, '{\"x\":-766.289,\"y\":328.086,\"z\":210.396}', 1300000),
(26, 'Monochrome2Apartment', 'Appartement Monochrome 2', NULL, '{\"x\":-786.8663,\"y\":315.764,\"z\":186.913}', '{\"x\":-781.808,\"y\":315.866,\"z\":186.913}', NULL, '[\"apa_v_mp_h_05_c\"]', 'MiltonDrive', 0, 1, 0, '{\"x\":-795.692,\"y\":326.762,\"z\":186.313}', 1300000),
(27, 'Monochrome3Apartment', 'Appartement Monochrome 3', NULL, '{\"x\":-774.012,\"y\":342.042,\"z\":195.686}', '{\"x\":-779.057,\"y\":342.063,\"z\":195.686}', NULL, '[\"apa_v_mp_h_05_b\"]', 'MiltonDrive', 0, 1, 0, '{\"x\":-765.094,\"y\":330.976,\"z\":195.085}', 1300000),
(28, 'Seductive1Apartment', 'Appartement Séduisant 1', NULL, '{\"x\":-784.194,\"y\":323.636,\"z\":210.997}', '{\"x\":-779.751,\"y\":323.385,\"z\":210.997}', NULL, '[\"apa_v_mp_h_06_a\"]', 'MiltonDrive', 0, 1, 0, '{\"x\":-766.263,\"y\":328.104,\"z\":210.396}', 1300000),
(29, 'Seductive2Apartment', 'Appartement Séduisant 2', NULL, '{\"x\":-786.8663,\"y\":315.764,\"z\":186.913}', '{\"x\":-781.808,\"y\":315.866,\"z\":186.913}', NULL, '[\"apa_v_mp_h_06_c\"]', 'MiltonDrive', 0, 1, 0, '{\"x\":-795.655,\"y\":326.611,\"z\":186.313}', 1300000),
(30, 'Seductive3Apartment', 'Appartement Séduisant 3', NULL, '{\"x\":-774.012,\"y\":342.042,\"z\":195.686}', '{\"x\":-779.057,\"y\":342.063,\"z\":195.686}', NULL, '[\"apa_v_mp_h_06_b\"]', 'MiltonDrive', 0, 1, 0, '{\"x\":-765.3,\"y\":331.414,\"z\":195.085}', 1300000),
(31, 'Regal1Apartment', 'Appartement Régal 1', NULL, '{\"x\":-784.194,\"y\":323.636,\"z\":210.997}', '{\"x\":-779.751,\"y\":323.385,\"z\":210.997}', NULL, '[\"apa_v_mp_h_07_a\"]', 'MiltonDrive', 0, 1, 0, '{\"x\":-765.956,\"y\":328.257,\"z\":210.396}', 1300000),
(32, 'Regal2Apartment', 'Appartement Régal 2', NULL, '{\"x\":-786.8663,\"y\":315.764,\"z\":186.913}', '{\"x\":-781.808,\"y\":315.866,\"z\":186.913}', NULL, '[\"apa_v_mp_h_07_c\"]', 'MiltonDrive', 0, 1, 0, '{\"x\":-795.545,\"y\":326.659,\"z\":186.313}', 1300000),
(33, 'Regal3Apartment', 'Appartement Régal 3', NULL, '{\"x\":-774.012,\"y\":342.042,\"z\":195.686}', '{\"x\":-779.057,\"y\":342.063,\"z\":195.686}', NULL, '[\"apa_v_mp_h_07_b\"]', 'MiltonDrive', 0, 1, 0, '{\"x\":-765.087,\"y\":331.429,\"z\":195.123}', 1300000),
(34, 'Aqua1Apartment', 'Appartement Aqua 1', NULL, '{\"x\":-784.194,\"y\":323.636,\"z\":210.997}', '{\"x\":-779.751,\"y\":323.385,\"z\":210.997}', NULL, '[\"apa_v_mp_h_08_a\"]', 'MiltonDrive', 0, 1, 0, '{\"x\":-766.187,\"y\":328.47,\"z\":210.396}', 1300000),
(35, 'Aqua2Apartment', 'Appartement Aqua 2', NULL, '{\"x\":-786.8663,\"y\":315.764,\"z\":186.913}', '{\"x\":-781.808,\"y\":315.866,\"z\":186.913}', NULL, '[\"apa_v_mp_h_08_c\"]', 'MiltonDrive', 0, 1, 0, '{\"x\":-795.658,\"y\":326.563,\"z\":186.313}', 1300000),
(36, 'Aqua3Apartment', 'Appartement Aqua 3', NULL, '{\"x\":-774.012,\"y\":342.042,\"z\":195.686}', '{\"x\":-779.057,\"y\":342.063,\"z\":195.686}', NULL, '[\"apa_v_mp_h_08_b\"]', 'MiltonDrive', 0, 1, 0, '{\"x\":-765.287,\"y\":331.084,\"z\":195.086}', 1300000),
(37, 'IntegrityWay', '4 Integrity Way', '{\"x\":-47.804,\"y\":-585.867,\"z\":36.956}', NULL, NULL, '{\"x\":-54.178,\"y\":-583.762,\"z\":35.798}', '[]', NULL, 0, 0, 1, NULL, 0),
(38, 'IntegrityWay28', '4 Integrity Way - Apt 28', NULL, '{\"x\":-31.409,\"y\":-594.927,\"z\":79.03}', '{\"x\":-26.098,\"y\":-596.909,\"z\":79.03}', NULL, '[]', 'IntegrityWay', 0, 1, 0, '{\"x\":-11.923,\"y\":-597.083,\"z\":78.43}', 1700000),
(39, 'IntegrityWay30', '4 Integrity Way - Apt 30', NULL, '{\"x\":-17.702,\"y\":-588.524,\"z\":89.114}', '{\"x\":-16.21,\"y\":-582.569,\"z\":89.114}', NULL, '[]', 'IntegrityWay', 0, 1, 0, '{\"x\":-26.327,\"y\":-588.384,\"z\":89.123}', 1700000),
(40, 'DellPerroHeights', 'Dell Perro Heights', '{\"x\":-1447.06,\"y\":-538.28,\"z\":33.74}', NULL, NULL, '{\"x\":-1440.022,\"y\":-548.696,\"z\":33.74}', '[]', NULL, 0, 0, 1, NULL, 0),
(41, 'DellPerroHeightst4', 'Dell Perro Heights - Apt 28', NULL, '{\"x\":-1452.125,\"y\":-540.591,\"z\":73.044}', '{\"x\":-1455.435,\"y\":-535.79,\"z\":73.044}', NULL, '[]', 'DellPerroHeights', 0, 1, 0, '{\"x\":-1467.058,\"y\":-527.571,\"z\":72.443}', 1700000),
(42, 'DellPerroHeightst7', 'Dell Perro Heights - Apt 30', NULL, '{\"x\":-1451.562,\"y\":-523.535,\"z\":55.928}', '{\"x\":-1456.02,\"y\":-519.209,\"z\":55.929}', NULL, '[]', 'DellPerroHeights', 0, 1, 0, '{\"x\":-1457.026,\"y\":-530.219,\"z\":55.937}', 1700000);

-- --------------------------------------------------------

--
-- Table structure for table `rented_vehicles`
--

CREATE TABLE `rented_vehicles` (
  `vehicle` varchar(60) NOT NULL,
  `plate` varchar(12) NOT NULL,
  `player_name` varchar(255) NOT NULL,
  `base_price` int(11) NOT NULL,
  `rent_price` int(11) NOT NULL,
  `owner` varchar(22) NOT NULL
) ENGINE=InnoDB DEFAULT CHARSET=latin1;

-- --------------------------------------------------------

--
-- Table structure for table `society_moneywash`
--

CREATE TABLE `society_moneywash` (
  `id` int(11) NOT NULL,
  `identifier` varchar(60) NOT NULL,
  `society` varchar(60) NOT NULL,
  `amount` int(11) NOT NULL
) ENGINE=InnoDB DEFAULT CHARSET=latin1;

-- --------------------------------------------------------

--
-- Table structure for table `territories`
--

CREATE TABLE `territories` (
  `zone` varchar(50) NOT NULL DEFAULT '',
  `control` varchar(50) NOT NULL DEFAULT '',
  `influence` float NOT NULL DEFAULT 0
) ENGINE=InnoDB DEFAULT CHARSET=utf8mb4;

-- --------------------------------------------------------

--
-- Table structure for table `trunk_inventory`
--

CREATE TABLE `trunk_inventory` (
  `id` int(11) NOT NULL,
  `plate` varchar(8) NOT NULL,
  `data` text NOT NULL,
  `owned` int(11) NOT NULL
) ENGINE=InnoDB DEFAULT CHARSET=latin1;

-- --------------------------------------------------------

--
-- Table structure for table `twitter_accounts`
--

CREATE TABLE `twitter_accounts` (
  `id` int(11) NOT NULL,
  `username` varchar(50) CHARACTER SET utf8 NOT NULL DEFAULT '0',
  `password` varchar(50) COLLATE utf8mb4_bin NOT NULL DEFAULT '0',
  `avatar_url` varchar(255) COLLATE utf8mb4_bin DEFAULT NULL
) ENGINE=InnoDB DEFAULT CHARSET=utf8mb4 COLLATE=utf8mb4_bin;

-- --------------------------------------------------------

--
-- Table structure for table `twitter_tweets`
--

CREATE TABLE `twitter_tweets` (
  `id` int(11) NOT NULL,
  `authorId` int(11) NOT NULL,
  `realUser` varchar(50) COLLATE utf8mb4_unicode_ci DEFAULT NULL,
  `message` varchar(256) COLLATE utf8mb4_unicode_ci NOT NULL,
  `time` timestamp NOT NULL DEFAULT current_timestamp(),
  `likes` int(11) NOT NULL DEFAULT 0
) ENGINE=InnoDB DEFAULT CHARSET=utf8mb4 COLLATE=utf8mb4_unicode_ci;

-- --------------------------------------------------------

--
-- Table structure for table `users`
--

CREATE TABLE `users` (
  `id` int(11) NOT NULL,
  `identifier` varchar(50) COLLATE utf8mb4_bin NOT NULL,
  `license` varchar(50) COLLATE utf8mb4_bin DEFAULT NULL,
  `money` int(11) DEFAULT NULL,
  `name` varchar(255) COLLATE utf8mb4_bin DEFAULT '',
  `skin` longtext COLLATE utf8mb4_bin DEFAULT NULL,
  `job` varchar(255) COLLATE utf8mb4_bin DEFAULT 'unemployed',
  `job_grade` int(11) DEFAULT 0,
  `loadout` longtext COLLATE utf8mb4_bin DEFAULT NULL,
  `position` varchar(255) COLLATE utf8mb4_bin DEFAULT NULL,
  `bank` int(11) DEFAULT NULL,
  `permission_level` int(11) DEFAULT NULL,
  `group` varchar(50) COLLATE utf8mb4_bin DEFAULT NULL,
  `is_dead` tinyint(1) DEFAULT 0,
  `firstname` varchar(50) COLLATE utf8mb4_bin NOT NULL DEFAULT '',
  `lastname` varchar(50) COLLATE utf8mb4_bin DEFAULT '',
  `dateofbirth` varchar(25) COLLATE utf8mb4_bin DEFAULT '',
  `sex` varchar(10) COLLATE utf8mb4_bin DEFAULT '',
  `height` varchar(5) COLLATE utf8mb4_bin DEFAULT '',
  `status` longtext COLLATE utf8mb4_bin DEFAULT NULL,
  `phone_number` varchar(10) COLLATE utf8mb4_bin DEFAULT NULL,
  `jail` int(11) NOT NULL DEFAULT 0,
  `last_house` int(11) DEFAULT 0
) ENGINE=InnoDB DEFAULT CHARSET=utf8mb4 COLLATE=utf8mb4_bin;

-- --------------------------------------------------------

--
-- Table structure for table `user_accounts`
--

CREATE TABLE `user_accounts` (
  `id` int(11) NOT NULL,
  `identifier` varchar(255) COLLATE utf8_bin NOT NULL,
  `name` varchar(255) COLLATE utf8_bin NOT NULL,
  `money` double NOT NULL DEFAULT 0
) ENGINE=InnoDB DEFAULT CHARSET=utf8 COLLATE=utf8_bin;

-- --------------------------------------------------------

--
-- Table structure for table `user_inventory`
--

CREATE TABLE `user_inventory` (
  `id` int(11) NOT NULL,
  `identifier` varchar(255) COLLATE utf8_bin NOT NULL,
  `item` varchar(255) COLLATE utf8_bin NOT NULL,
  `count` int(11) NOT NULL
) ENGINE=InnoDB DEFAULT CHARSET=utf8 COLLATE=utf8_bin;

-- --------------------------------------------------------

--
-- Table structure for table `user_lastcharacter`
--

CREATE TABLE `user_lastcharacter` (
  `steamid` varchar(255) NOT NULL,
  `charid` int(11) NOT NULL
) ENGINE=InnoDB DEFAULT CHARSET=latin1;

-- --------------------------------------------------------

--
-- Table structure for table `user_licenses`
--

CREATE TABLE `user_licenses` (
  `id` int(11) NOT NULL,
  `type` varchar(60) NOT NULL,
  `owner` varchar(60) NOT NULL
) ENGINE=InnoDB DEFAULT CHARSET=latin1;

-- --------------------------------------------------------

--
-- Table structure for table `vehicles`
--

CREATE TABLE `vehicles` (
  `name` varchar(60) NOT NULL,
  `model` varchar(60) NOT NULL,
  `price` int(11) NOT NULL,
  `category` varchar(60) DEFAULT NULL
) ENGINE=InnoDB DEFAULT CHARSET=latin1;

--
-- Dumping data for table `vehicles`
--

INSERT INTO `vehicles` (`name`, `model`, `price`, `category`) VALUES
('Adder', 'adder', 900000, 'super'),
('Akuma', 'AKUMA', 7500, 'motorcycles'),
('Alpha', 'alpha', 60000, 'sports'),
('Ardent', 'ardent', 1150000, 'sportsclassics'),
('Asea', 'asea', 5500, 'sedans'),
('Autarch', 'autarch', 1955000, 'super'),
('Avarus', 'avarus', 18000, 'motorcycles'),
('Bagger', 'bagger', 13500, 'motorcycles'),
('Baller', 'baller2', 40000, 'suvs'),
('Baller Sport', 'baller3', 60000, 'suvs'),
('Banshee', 'banshee', 70000, 'sports'),
('Banshee 900R', 'banshee2', 255000, 'super'),
('Bati 801', 'bati', 12000, 'motorcycles'),
('Bati 801RR', 'bati2', 19000, 'motorcycles'),
('Bestia GTS', 'bestiagts', 55000, 'sports'),
('BF400', 'bf400', 6500, 'motorcycles'),
('Bf Injection', 'bfinjection', 16000, 'offroad'),
('Bifta', 'bifta', 12000, 'offroad'),
('Bison', 'bison', 45000, 'vans'),
('Blade', 'blade', 15000, 'muscle'),
('Blazer', 'blazer', 6500, 'offroad'),
('Blazer Sport', 'blazer4', 8500, 'offroad'),
('blazer5', 'blazer5', 1755600, 'offroad'),
('Blista', 'blista', 8000, 'compacts'),
('BMX (velo)', 'bmx', 160, 'motorcycles'),
('Bobcat XL', 'bobcatxl', 32000, 'vans'),
('Brawler', 'brawler', 45000, 'offroad'),
('Brioso R/A', 'brioso', 18000, 'compacts'),
('Btype', 'btype', 62000, 'sportsclassics'),
('Btype Hotroad', 'btype2', 155000, 'sportsclassics'),
('Btype Luxe', 'btype3', 85000, 'sportsclassics'),
('Buccaneer', 'buccaneer', 18000, 'muscle'),
('Buccaneer Rider', 'buccaneer2', 24000, 'muscle'),
('Buffalo', 'buffalo', 12000, 'sports'),
('Buffalo S', 'buffalo2', 20000, 'sports'),
('Bullet', 'bullet', 90000, 'super'),
('Burrito', 'burrito3', 19000, 'vans'),
('Camper', 'camper', 42000, 'vans'),
('Carbonizzare', 'carbonizzare', 75000, 'sports'),
('Carbon RS', 'carbonrs', 18000, 'motorcycles'),
('Casco', 'casco', 30000, 'sportsclassics'),
('Cavalcade', 'cavalcade2', 55000, 'suvs'),
('Cheetah', 'cheetah', 375000, 'super'),
('Chimera', 'chimera', 38000, 'motorcycles'),
('Chino', 'chino', 15000, 'muscle'),
('Chino Luxe', 'chino2', 19000, 'muscle'),
('Cliffhanger', 'cliffhanger', 9500, 'motorcycles'),
('Cognoscenti Cabrio', 'cogcabrio', 55000, 'coupes'),
('Cognoscenti', 'cognoscenti', 55000, 'sedans'),
('Comet', 'comet2', 65000, 'sports'),
('Comet 5', 'comet5', 1145000, 'sports'),
('Contender', 'contender', 70000, 'suvs'),
('Coquette', 'coquette', 65000, 'sports'),
('Coquette Classic', 'coquette2', 40000, 'sportsclassics'),
('Coquette BlackFin', 'coquette3', 55000, 'muscle'),
('Cruiser (velo)', 'cruiser', 510, 'motorcycles'),
('Cyclone', 'cyclone', 1890000, 'super'),
('Daemon', 'daemon', 11500, 'motorcycles'),
('Daemon High', 'daemon2', 13500, 'motorcycles'),
('Defiler', 'defiler', 9800, 'motorcycles'),
('Deluxo', 'deluxo', 4721500, 'sportsclassics'),
('EMS Car', 'dodgeEMS', 5000, 'services'),
('Dominator', 'dominator', 35000, 'muscle'),
('Double T', 'double', 28000, 'motorcycles'),
('Dubsta', 'dubsta', 45000, 'suvs'),
('Dubsta Luxuary', 'dubsta2', 60000, 'suvs'),
('Bubsta 6x6', 'dubsta3', 120000, 'offroad'),
('Dukes', 'dukes', 28000, 'muscle'),
('Dune Buggy', 'dune', 8000, 'offroad'),
('Elegy', 'elegy2', 38500, 'sports'),
('Emperor', 'emperor', 8500, 'sedans'),
('Enduro', 'enduro', 5500, 'motorcycles'),
('Entity XF', 'entityxf', 425000, 'super'),
('Esskey', 'esskey', 4200, 'motorcycles'),
('Exemplar', 'exemplar', 32000, 'coupes'),
('F620', 'f620', 40000, 'coupes'),
('Faction', 'faction', 20000, 'muscle'),
('Faction Rider', 'faction2', 30000, 'muscle'),
('Faction XL', 'faction3', 40000, 'muscle'),
('Faggio', 'faggio', 1900, 'motorcycles'),
('Vespa', 'faggio2', 2800, 'motorcycles'),
('Felon', 'felon', 42000, 'coupes'),
('Felon GT', 'felon2', 55000, 'coupes'),
('Feltzer', 'feltzer2', 55000, 'sports'),
('Stirling GT', 'feltzer3', 65000, 'sportsclassics'),
('Fixter (velo)', 'fixter', 225, 'motorcycles'),
('FMJ', 'fmj', 185000, 'super'),
('Fhantom', 'fq2', 17000, 'suvs'),
('Fugitive', 'fugitive', 12000, 'sedans'),
('Furore GT', 'furoregt', 45000, 'sports'),
('Fusilade', 'fusilade', 40000, 'sports'),
('Gargoyle', 'gargoyle', 16500, 'motorcycles'),
('Gauntlet', 'gauntlet', 30000, 'muscle'),
('Gang Burrito', 'gburrito', 45000, 'vans'),
('Burrito', 'gburrito2', 29000, 'vans'),
('Glendale', 'glendale', 6500, 'sedans'),
('Grabger', 'granger', 50000, 'suvs'),
('Gresley', 'gresley', 47500, 'suvs'),
('GT 500', 'gt500', 785000, 'sportsclassics'),
('Guardian', 'guardian', 45000, 'offroad'),
('Hakuchou', 'hakuchou', 31000, 'motorcycles'),
('Hakuchou Sport', 'hakuchou2', 55000, 'motorcycles'),
('Hermes', 'hermes', 535000, 'muscle'),
('Hexer', 'hexer', 12000, 'motorcycles'),
('Hotknife', 'hotknife', 125000, 'muscle'),
('Huntley S', 'huntley', 40000, 'suvs'),
('Hustler', 'hustler', 625000, 'muscle'),
('Infernus', 'infernus', 180000, 'super'),
('Innovation', 'innovation', 23500, 'motorcycles'),
('Intruder', 'intruder', 7500, 'sedans'),
('Issi', 'issi2', 10000, 'compacts'),
('Jackal', 'jackal', 38000, 'coupes'),
('Jester', 'jester', 65000, 'sports'),
('Jester(Racecar)', 'jester2', 135000, 'sports'),
('Journey', 'journey', 6500, 'vans'),
('Kamacho', 'kamacho', 345000, 'offroad'),
('Khamelion', 'khamelion', 38000, 'sports'),
('Kuruma', 'kuruma', 30000, 'sports'),
('Landstalker', 'landstalker', 35000, 'suvs'),
('RE-7B', 'le7b', 325000, 'super'),
('Lynx', 'lynx', 40000, 'sports'),
('Mamba', 'mamba', 70000, 'sports'),
('Manana', 'manana', 12800, 'sportsclassics'),
('Manchez', 'manchez', 5300, 'motorcycles'),
('Massacro', 'massacro', 65000, 'sports'),
('Massacro(Racecar)', 'massacro2', 130000, 'sports'),
('MaveRick', 'maverick', 4000000, 'heli'),
('Mesa', 'mesa', 16000, 'suvs'),
('Mesa Trail', 'mesa3', 40000, 'suvs'),
('Minivan', 'minivan', 13000, 'vans'),
('Monroe', 'monroe', 55000, 'sportsclassics'),
('The Liberator', 'monster', 210000, 'offroad'),
('Moonbeam', 'moonbeam', 18000, 'vans'),
('Moonbeam Rider', 'moonbeam2', 35000, 'vans'),
('Nemesis', 'nemesis', 5800, 'motorcycles'),
('Neon', 'neon', 1500000, 'sports'),
('Nightblade', 'nightblade', 35000, 'motorcycles'),
('Nightshade', 'nightshade', 65000, 'muscle'),
('9F', 'ninef', 65000, 'sports'),
('9F Cabrio', 'ninef2', 80000, 'sports'),
('Omnis', 'omnis', 35000, 'sports'),
('Oppressor', 'oppressor', 3524500, 'super'),
('Oracle XS', 'oracle2', 35000, 'coupes'),
('Osiris', 'osiris', 160000, 'super'),
('Panto', 'panto', 10000, 'compacts'),
('Paradise', 'paradise', 19000, 'vans'),
('Pariah', 'pariah', 1420000, 'sports'),
('Patriot', 'patriot', 55000, 'suvs'),
('PCJ-600', 'pcj', 6200, 'motorcycles'),
('Penumbra', 'penumbra', 28000, 'sports'),
('Pfister', 'pfister811', 85000, 'super'),
('Phoenix', 'phoenix', 12500, 'muscle'),
('Picador', 'picador', 18000, 'muscle'),
('Pigalle', 'pigalle', 20000, 'sportsclassics'),
('Prairie', 'prairie', 12000, 'compacts'),
('Premier', 'premier', 8000, 'sedans'),
('Primo Custom', 'primo2', 14000, 'sedans'),
('X80 Proto', 'prototipo', 2500000, 'super'),
('Radius', 'radi', 29000, 'suvs'),
('raiden', 'raiden', 1375000, 'sports'),
('Rapid GT', 'rapidgt', 35000, 'sports'),
('Rapid GT Convertible', 'rapidgt2', 45000, 'sports'),
('Rapid GT3', 'rapidgt3', 885000, 'sportsclassics'),
('Reaper', 'reaper', 150000, 'super'),
('Rebel', 'rebel2', 35000, 'offroad'),
('Regina', 'regina', 5000, 'sedans'),
('Retinue', 'retinue', 615000, 'sportsclassics'),
('Revolter', 'revolter', 1610000, 'sports'),
('riata', 'riata', 380000, 'offroad'),
('Rocoto', 'rocoto', 45000, 'suvs'),
('Ruffian', 'ruffian', 6800, 'motorcycles'),
('Ruiner 2', 'ruiner2', 5745600, 'muscle'),
('Rumpo', 'rumpo', 15000, 'vans'),
('Rumpo Trail', 'rumpo3', 19500, 'vans'),
('Sabre Turbo', 'sabregt', 20000, 'muscle'),
('Sabre GT', 'sabregt2', 25000, 'muscle'),
('Sanchez', 'sanchez', 5300, 'motorcycles'),
('Sanchez Sport', 'sanchez2', 5300, 'motorcycles'),
('Sanctus', 'sanctus', 25000, 'motorcycles'),
('Sandking', 'sandking', 55000, 'offroad'),
('Savestra', 'savestra', 990000, 'sportsclassics'),
('SC 1', 'sc1', 1603000, 'super'),
('Schafter', 'schafter2', 25000, 'sedans'),
('Schafter V12', 'schafter3', 50000, 'sports'),
('Scorcher (velo)', 'scorcher', 280, 'motorcycles'),
('Seminole', 'seminole', 25000, 'suvs'),
('Sentinel', 'sentinel', 32000, 'coupes'),
('Sentinel XS', 'sentinel2', 40000, 'coupes'),
('Sentinel3', 'sentinel3', 650000, 'sports'),
('Seven 70', 'seven70', 39500, 'sports'),
('ETR1', 'sheava', 220000, 'super'),
('Shotaro Concept', 'shotaro', 320000, 'motorcycles'),
('Slam Van', 'slamvan3', 11500, 'muscle'),
('Sovereign', 'sovereign', 22000, 'motorcycles'),
('Stinger', 'stinger', 80000, 'sportsclassics'),
('Stinger GT', 'stingergt', 75000, 'sportsclassics'),
('Streiter', 'streiter', 500000, 'sports'),
('Stretch', 'stretch', 90000, 'sedans'),
('Stromberg', 'stromberg', 3185350, 'sports'),
('Sultan', 'sultan', 15000, 'sports'),
('Sultan RS', 'sultanrs', 65000, 'super'),
('Super Diamond', 'superd', 130000, 'sedans'),
('Surano', 'surano', 50000, 'sports'),
('Surfer', 'surfer', 12000, 'vans'),
('T20', 't20', 300000, 'super'),
('Tailgater', 'tailgater', 30000, 'sedans'),
('Tampa', 'tampa', 16000, 'muscle'),
('Drift Tampa', 'tampa2', 80000, 'sports'),
('Thrust', 'thrust', 24000, 'motorcycles'),
('Tri bike (velo)', 'tribike3', 520, 'motorcycles'),
('Trophy Truck', 'trophytruck', 60000, 'offroad'),
('Trophy Truck Limited', 'trophytruck2', 80000, 'offroad'),
('Tropos', 'tropos', 40000, 'sports'),
('Turismo R', 'turismor', 350000, 'super'),
('Tyrus', 'tyrus', 600000, 'super'),
('Vacca', 'vacca', 120000, 'super'),
('Vader', 'vader', 7200, 'motorcycles'),
('Verlierer', 'verlierer2', 70000, 'sports'),
('Vigero', 'vigero', 12500, 'muscle'),
('Virgo', 'virgo', 14000, 'muscle'),
('Viseris', 'viseris', 875000, 'sportsclassics'),
('Visione', 'visione', 2250000, 'super'),
('Voltic', 'voltic', 90000, 'super'),
('Voltic 2', 'voltic2', 3830400, 'super'),
('Voodoo', 'voodoo', 7200, 'muscle'),
('Vortex', 'vortex', 9800, 'motorcycles'),
('Warrener', 'warrener', 4000, 'sedans'),
('Washington', 'washington', 9000, 'sedans'),
('Windsor', 'windsor', 95000, 'coupes'),
('Windsor Drop', 'windsor2', 125000, 'coupes'),
('Woflsbane', 'wolfsbane', 9000, 'motorcycles'),
('XLS', 'xls', 32000, 'suvs'),
('Yosemite', 'yosemite', 485000, 'muscle'),
('Youga', 'youga', 10800, 'vans'),
('Youga Luxuary', 'youga2', 14500, 'vans'),
('Z190', 'z190', 900000, 'sportsclassics'),
('Zentorno', 'zentorno', 1500000, 'super'),
('Zion', 'zion', 36000, 'coupes'),
('Zion Cabrio', 'zion2', 45000, 'coupes'),
('Zombie', 'zombiea', 9500, 'motorcycles'),
('Zombie Luxuary', 'zombieb', 12000, 'motorcycles'),
('Z-Type', 'ztype', 220000, 'sportsclassics');

-- --------------------------------------------------------

--
-- Table structure for table `vehicles_for_sale`
--

CREATE TABLE `vehicles_for_sale` (
  `id` int(11) NOT NULL,
  `seller` varchar(30) CHARACTER SET utf8mb4 COLLATE utf8mb4_bin DEFAULT NULL,
  `vehicleProps` longtext NOT NULL,
  `price` int(11) NOT NULL DEFAULT 0
) ENGINE=InnoDB DEFAULT CHARSET=utf8;

-- --------------------------------------------------------

--
-- Table structure for table `vehicle_categories`
--

CREATE TABLE `vehicle_categories` (
  `name` varchar(60) NOT NULL,
  `label` varchar(60) NOT NULL
) ENGINE=InnoDB DEFAULT CHARSET=latin1;

--
-- Dumping data for table `vehicle_categories`
--

INSERT INTO `vehicle_categories` (`name`, `label`) VALUES
('compacts', 'Compacts'),
('coupes', 'Coupes'),
('ems', 'EMS'),
('heli', 'Heli'),
('motorcycles', 'Motos'),
('muscle', 'Muscle'),
('offroad', 'Off Road'),
('police', 'Police'),
('sedans', 'Sedans'),
('services', 'Services'),
('sports', 'Sports'),
('sportsclassics', 'Sports Classics'),
('super', 'Super'),
('suvs', 'SUVs'),
('vans', 'Vans');

-- --------------------------------------------------------

--
-- Table structure for table `vehicle_sold`
--

CREATE TABLE `vehicle_sold` (
  `client` varchar(50) NOT NULL,
  `model` varchar(50) NOT NULL,
  `plate` varchar(50) NOT NULL,
  `soldby` varchar(50) NOT NULL,
  `date` varchar(50) NOT NULL
) ENGINE=InnoDB DEFAULT CHARSET=latin1;

-- --------------------------------------------------------

--
-- Table structure for table `weashops`
--

CREATE TABLE `weashops` (
  `id` int(11) NOT NULL,
  `zone` varchar(255) NOT NULL,
  `item` varchar(255) NOT NULL,
  `price` int(11) NOT NULL
) ENGINE=InnoDB DEFAULT CHARSET=latin1;

--
-- Dumping data for table `weashops`
--

INSERT INTO `weashops` (`id`, `zone`, `item`, `price`) VALUES
(1, 'GunShop', 'WEAPON_PISTOL', 2000),
(2, 'BlackWeashop', 'WEAPON_PISTOL', 2000),
(3, 'GunShop', 'WEAPON_FLASHLIGHT', 1000),
(4, 'BlackWeashop', 'WEAPON_FLASHLIGHT', 1000),
(15, 'GunShop', 'WEAPON_PUMPSHOTGUN', 20000),
(16, 'BlackWeashop', 'WEAPON_PUMPSHOTGUN', 20000),
(41, 'GunShop', 'WEAPON_KNIFE', 1500);

--
-- Indexes for dumped tables
--

--
-- Indexes for table `addon_account`
--
ALTER TABLE `addon_account`
  ADD PRIMARY KEY (`id`);

--
-- Indexes for table `addon_account_data`
--
ALTER TABLE `addon_account_data`
  ADD PRIMARY KEY (`id`);

--
-- Indexes for table `addon_inventory`
--
ALTER TABLE `addon_inventory`
  ADD PRIMARY KEY (`id`);

--
-- Indexes for table `addon_inventory_items`
--
ALTER TABLE `addon_inventory_items`
  ADD PRIMARY KEY (`id`);

--
-- Indexes for table `baninfo`
--
ALTER TABLE `baninfo`
  ADD PRIMARY KEY (`id`);

--
-- Indexes for table `banlist`
--
ALTER TABLE `banlist`
  ADD PRIMARY KEY (`license`);

--
-- Indexes for table `banlisthistory`
--
ALTER TABLE `banlisthistory`
  ADD PRIMARY KEY (`id`);

--
-- Indexes for table `billing`
--
ALTER TABLE `billing`
  ADD PRIMARY KEY (`id`);

--
-- Indexes for table `cardealer_vehicles`
--
ALTER TABLE `cardealer_vehicles`
  ADD PRIMARY KEY (`id`);

--
-- Indexes for table `communityservice`
--
ALTER TABLE `communityservice`
  ADD PRIMARY KEY (`identifier`);

--
-- Indexes for table `datastore`
--
ALTER TABLE `datastore`
  ADD PRIMARY KEY (`id`);

--
-- Indexes for table `datastore_data`
--
ALTER TABLE `datastore_data`
  ADD PRIMARY KEY (`id`);

--
-- Indexes for table `fine_types`
--
ALTER TABLE `fine_types`
  ADD PRIMARY KEY (`id`);

--
-- Indexes for table `items`
--
ALTER TABLE `items`
  ADD PRIMARY KEY (`name`);

--
-- Indexes for table `jobs`
--
ALTER TABLE `jobs`
  ADD PRIMARY KEY (`name`);

--
-- Indexes for table `job_grades`
--
ALTER TABLE `job_grades`
  ADD PRIMARY KEY (`id`);

--
-- Indexes for table `licenses`
--
ALTER TABLE `licenses`
  ADD PRIMARY KEY (`type`);

--
-- Indexes for table `owned_properties`
--
ALTER TABLE `owned_properties`
  ADD PRIMARY KEY (`id`);

--
-- Indexes for table `owned_vehicles`
--
ALTER TABLE `owned_vehicles`
  ADD PRIMARY KEY (`plate`);

--
-- Indexes for table `phone_app_chat`
--
ALTER TABLE `phone_app_chat`
  ADD PRIMARY KEY (`id`);

--
-- Indexes for table `phone_calls`
--
ALTER TABLE `phone_calls`
  ADD PRIMARY KEY (`id`);

--
-- Indexes for table `phone_messages`
--
ALTER TABLE `phone_messages`
  ADD PRIMARY KEY (`id`);

--
-- Indexes for table `phone_users_contacts`
--
ALTER TABLE `phone_users_contacts`
  ADD PRIMARY KEY (`id`);

--
-- Indexes for table `properties`
--
ALTER TABLE `properties`
  ADD PRIMARY KEY (`id`);

--
-- Indexes for table `rented_vehicles`
--
ALTER TABLE `rented_vehicles`
  ADD PRIMARY KEY (`plate`);

--
-- Indexes for table `society_moneywash`
--
ALTER TABLE `society_moneywash`
  ADD PRIMARY KEY (`id`);

--
-- Indexes for table `trunk_inventory`
--
ALTER TABLE `trunk_inventory`
  ADD PRIMARY KEY (`id`),
  ADD UNIQUE KEY `plate` (`plate`);

--
-- Indexes for table `twitter_accounts`
--
ALTER TABLE `twitter_accounts`
  ADD PRIMARY KEY (`id`),
  ADD UNIQUE KEY `username` (`username`);

--
-- Indexes for table `twitter_tweets`
--
ALTER TABLE `twitter_tweets`
  ADD PRIMARY KEY (`id`),
  ADD KEY `FK_twitter_tweets_twitter_accounts` (`authorId`);

--
-- Indexes for table `users`
--
ALTER TABLE `users`
  ADD PRIMARY KEY (`id`);

--
-- Indexes for table `user_accounts`
--
ALTER TABLE `user_accounts`
  ADD PRIMARY KEY (`id`);

--
-- Indexes for table `user_inventory`
--
ALTER TABLE `user_inventory`
  ADD PRIMARY KEY (`id`),
  ADD KEY `user_inventory_ident_item` (`identifier`,`item`);

--
-- Indexes for table `user_licenses`
--
ALTER TABLE `user_licenses`
  ADD PRIMARY KEY (`id`);

--
-- Indexes for table `vehicles`
--
ALTER TABLE `vehicles`
  ADD PRIMARY KEY (`model`);

--
-- Indexes for table `vehicles_for_sale`
--
ALTER TABLE `vehicles_for_sale`
  ADD PRIMARY KEY (`id`);

--
-- Indexes for table `vehicle_categories`
--
ALTER TABLE `vehicle_categories`
  ADD PRIMARY KEY (`name`);

--
-- Indexes for table `vehicle_sold`
--
ALTER TABLE `vehicle_sold`
  ADD PRIMARY KEY (`plate`);

--
-- Indexes for table `weashops`
--
ALTER TABLE `weashops`
  ADD PRIMARY KEY (`id`);

--
-- AUTO_INCREMENT for dumped tables
--

--
-- AUTO_INCREMENT for table `addon_account`
--
ALTER TABLE `addon_account`
  MODIFY `id` int(11) NOT NULL AUTO_INCREMENT, AUTO_INCREMENT=27;

--
-- AUTO_INCREMENT for table `addon_account_data`
--
ALTER TABLE `addon_account_data`
  MODIFY `id` int(11) NOT NULL AUTO_INCREMENT, AUTO_INCREMENT=321;

--
-- AUTO_INCREMENT for table `addon_inventory`
--
ALTER TABLE `addon_inventory`
  MODIFY `id` int(11) NOT NULL AUTO_INCREMENT, AUTO_INCREMENT=19;

--
-- AUTO_INCREMENT for table `addon_inventory_items`
--
ALTER TABLE `addon_inventory_items`
  MODIFY `id` int(11) NOT NULL AUTO_INCREMENT, AUTO_INCREMENT=14;

--
-- AUTO_INCREMENT for table `baninfo`
--
ALTER TABLE `baninfo`
  MODIFY `id` int(11) NOT NULL AUTO_INCREMENT;

--
-- AUTO_INCREMENT for table `banlisthistory`
--
ALTER TABLE `banlisthistory`
  MODIFY `id` int(11) NOT NULL AUTO_INCREMENT;

--
-- AUTO_INCREMENT for table `billing`
--
ALTER TABLE `billing`
  MODIFY `id` int(11) NOT NULL AUTO_INCREMENT;

--
-- AUTO_INCREMENT for table `cardealer_vehicles`
--
ALTER TABLE `cardealer_vehicles`
  MODIFY `id` int(11) NOT NULL AUTO_INCREMENT;

--
-- AUTO_INCREMENT for table `datastore`
--
ALTER TABLE `datastore`
  MODIFY `id` int(11) NOT NULL AUTO_INCREMENT, AUTO_INCREMENT=27;

--
-- AUTO_INCREMENT for table `datastore_data`
--
ALTER TABLE `datastore_data`
  MODIFY `id` int(11) NOT NULL AUTO_INCREMENT, AUTO_INCREMENT=728;

--
-- AUTO_INCREMENT for table `fine_types`
--
ALTER TABLE `fine_types`
  MODIFY `id` int(11) NOT NULL AUTO_INCREMENT, AUTO_INCREMENT=55;

--
-- AUTO_INCREMENT for table `job_grades`
--
ALTER TABLE `job_grades`
  MODIFY `id` int(11) NOT NULL AUTO_INCREMENT, AUTO_INCREMENT=370;

--
-- AUTO_INCREMENT for table `owned_properties`
--
ALTER TABLE `owned_properties`
  MODIFY `id` int(11) NOT NULL AUTO_INCREMENT;

--
-- AUTO_INCREMENT for table `phone_app_chat`
--
ALTER TABLE `phone_app_chat`
  MODIFY `id` int(11) NOT NULL AUTO_INCREMENT;

--
-- AUTO_INCREMENT for table `phone_calls`
--
ALTER TABLE `phone_calls`
  MODIFY `id` int(11) NOT NULL AUTO_INCREMENT;

--
-- AUTO_INCREMENT for table `phone_messages`
--
ALTER TABLE `phone_messages`
  MODIFY `id` int(11) NOT NULL AUTO_INCREMENT;

--
-- AUTO_INCREMENT for table `phone_users_contacts`
--
ALTER TABLE `phone_users_contacts`
  MODIFY `id` int(11) NOT NULL AUTO_INCREMENT;

--
-- AUTO_INCREMENT for table `properties`
--
ALTER TABLE `properties`
  MODIFY `id` int(11) NOT NULL AUTO_INCREMENT, AUTO_INCREMENT=43;

--
-- AUTO_INCREMENT for table `society_moneywash`
--
ALTER TABLE `society_moneywash`
  MODIFY `id` int(11) NOT NULL AUTO_INCREMENT;

--
-- AUTO_INCREMENT for table `trunk_inventory`
--
ALTER TABLE `trunk_inventory`
  MODIFY `id` int(11) NOT NULL AUTO_INCREMENT;

--
-- AUTO_INCREMENT for table `twitter_accounts`
--
ALTER TABLE `twitter_accounts`
  MODIFY `id` int(11) NOT NULL AUTO_INCREMENT, AUTO_INCREMENT=2;

--
-- AUTO_INCREMENT for table `twitter_tweets`
--
ALTER TABLE `twitter_tweets`
  MODIFY `id` int(11) NOT NULL AUTO_INCREMENT;

--
-- AUTO_INCREMENT for table `users`
--
ALTER TABLE `users`
  MODIFY `id` int(11) NOT NULL AUTO_INCREMENT;

--
-- AUTO_INCREMENT for table `user_accounts`
--
ALTER TABLE `user_accounts`
  MODIFY `id` int(11) NOT NULL AUTO_INCREMENT;

--
-- AUTO_INCREMENT for table `user_inventory`
--
ALTER TABLE `user_inventory`
  MODIFY `id` int(11) NOT NULL AUTO_INCREMENT;

--
-- AUTO_INCREMENT for table `user_licenses`
--
ALTER TABLE `user_licenses`
  MODIFY `id` int(11) NOT NULL AUTO_INCREMENT;

--
-- AUTO_INCREMENT for table `vehicles_for_sale`
--
ALTER TABLE `vehicles_for_sale`
  MODIFY `id` int(11) NOT NULL AUTO_INCREMENT;

--
-- AUTO_INCREMENT for table `weashops`
--
ALTER TABLE `weashops`
  MODIFY `id` int(11) NOT NULL AUTO_INCREMENT, AUTO_INCREMENT=42;


  
INSERT INTO `jobs` (`name`, `label`) VALUES
('garbage', 'Garbage man');

--
-- Contenu de la table `job_grades`
--

INSERT INTO `job_grades` (`job_name`, `grade`, `name`, `label`, `salary`, `skin_male`, `skin_female`) VALUES
('garbage', 0, 'employee', 'Independent', 750, '{"tshirt_1":59,"torso_1":89,"arms":31,"pants_1":36,"glasses_1":19,"decals_2":0,"hair_color_2":0,"helmet_2":0,"hair_color_1":0,"face":2,"glasses_2":0,"torso_2":1,"shoes":35,"hair_1":0,"skin":0,"sex":0,"glasses_1":19,"pants_2":0,"hair_2":0,"decals_1":0,"tshirt_2":0,"helmet_1":5}', '{"tshirt_1":36,"torso_1":0,"arms":68,"pants_1":30,"glasses_1":15,"decals_2":0,"hair_color_2":0,"helmet_2":0,"hair_color_1":0,"face":27,"glasses_2":0,"torso_2":11,"shoes":26,"hair_1":5,"skin":0,"sex":1,"glasses_1":15,"pants_2":2,"hair_2":0,"decals_1":0,"tshirt_2":0,"helmet_1":19}');


INSERT INTO `items` (`name`, `label`, `limit`, `rare`, `can_remove`) VALUES
('cigarette', 'cigarette', 10, 0, 1);

--
-- Constraints for dumped tables
--

--
-- Constraints for table `twitter_tweets`
--
ALTER TABLE `twitter_tweets`
  ADD CONSTRAINT `FK_twitter_tweets_twitter_accounts` FOREIGN KEY (`authorId`) REFERENCES `twitter_accounts` (`id`);
COMMIT;

/*!40101 SET CHARACTER_SET_CLIENT=@OLD_CHARACTER_SET_CLIENT */;
/*!40101 SET CHARACTER_SET_RESULTS=@OLD_CHARACTER_SET_RESULTS */;
/*!40101 SET COLLATION_CONNECTION=@OLD_COLLATION_CONNECTION */;
